{
  "project_info": {
    "project_number": "511898869420",
    "firebase_url": "https://nettest-a973f-default-rtdb.europe-west1.firebasedatabase.app",
    "project_id": "nettest-a973f",
    "storage_bucket": "nettest-a973f.appspot.com"
  },
  "client": [
    {
      "client_info": {
        "mobilesdk_app_id": "1:511898869420:android:a2b9f36d8eb8a155110909",
        "android_client_info": {
          "package_name": "com.default.company"
        }
      },
      "oauth_client": [],
      "api_key": [
        {
          "current_key": "AIzaSyD5N1ZKiJfBuLZ7PT86IAQx3VnTKImL2jg"
        }
      ],
      "services": {
        "appinvite_service": {
          "other_platform_oauth_client": []
        }
      }
    }
  ],
  "configuration_version": "1"
}